area;tidal;year;N.1year;N.8mm;N.old;Nall.1mm;January;Febryary;Marts;April;May;June;July;August;September;October;November;December
Estuary;low;1992;0;50;55;55;-10;-6,2;-2,3;-5;6,9;11,8;12;10,3;9,2;-5,7;-8,3;-4
Estuary;low;1993;3,3333333333;26,6666666667;196,6666666667;201,6666666667;-8,6;-8,8;-6,1;-2,6;5,3;9,4;14,6;12,1;3,4;-1,6;-6,4;-10,4
Estuary;low;1994;50;293,3333333333;720;776,6666666667;-13;-12,8;-6,2;1,2;3,2;11,5;14,2;12,2;6,1;0,6;-6,3;-5,4
Estuary;low;1995;40;233,3333333333;430;473,3333333333;-7,8;-7,9;-3,0;-0,3;4,5;12,5;12,7;11,4;6,5;1,2;-9,2;-14,7
Estuary;low;1996;0;203,3333333333;336,6666666667;336,6666666667;-9,0;-12,4;-6,4;-1,9;2,7;9,2;12,4;13,5;5,7;2,3;-2,5;-9,4
Estuary;low;1997;0;153,3333333333;213,3333333333;213,3333333333;-13,4;-11,3;-5,3;-3,6;3,5;11,8;14,6;13,6;8,3;0,0;-5,8;-9,2
Estuary;low;1998;203,3333333333;180;516,6666666667;750;-12,0;-21,3;-9,7;-4,0;3,8;9,8;16,3;11,1;7,0;1,2;-8,1;-10,7
Estuary;low;1999;403,3333333333;36,6666666667;1636,6666666667;2073,3333333333;-16,5;-13,3;-7,0;0,0;1,5;13,3;14,7;10,7;8,3;3,4;-4,2;-10,3
Estuary;low;2000;56,6666666667;116,6666666667;1846,6666666667;1913,3333333333;-10,8;-10,0;-4,4;0,5;5,4;12,2;16,0;12,8;7,4;5,2;-1,7;-8,0
Estuary;low;2001;123,3333333333;293,3333333333;2450;2606,6666666667;-5,2;-12,7;-11,1;-0,3;4,6;13,2;15,6;11,7;7,2;0,8;-7,3;-11,5
Estuary;low;2002;46,6666666667;280;1813,3333333333;1916,6666666667;-12,7;-10,0;-6,7;-0,1;5,4;12,4;15,6;11,7;6,2;-0,7;-10,9;-12,0
Estuary;low;2003;363,3333333333;640;1736,6666666667;2220;-17,7;-6,6;-3,1;0,4;6,8;9,1;17,1;13,3;7,7;1,8;-2,3;-9,2
Estuary;low;2004;703,3333333333;886,6666666667;2233,3333333333;3330;-10,8;-12,4;-5,7;-1,2;4,8;10,3;16,9;12,8;7,8;1,3;-6,4;-6,8
Estuary;low;2005;173,3333333333;610;1353,3333333333;1623,3333333333;-7,2;-10,0;-9,2;0,1;5,2;12,6;15,9;14,6;8,4;3,7;0,6;-8,1
Estuary;low;2006;66,6666666667;466,6666666667;903,3333333333;993,3333333333;-10,2;-13,5;-9,7;0,9;6,1;14,1;13,6;13,1;7,5;0,2;-5,4;-5,1
Estuary;low;2007;880;540;1170;2546,6666666667;-10,8;-18,4;-1,3;0,5;5,8;11,2;14,5;14,2;7,3;4,7;-3,9;-2,4
Estuary;low;2008;416,6666666667;506,6666666667;1200;1683,3333333333;-9,4;-7,8;-7,0;-1,1;3,9;11,4;13,9;10,7;6,2;2,9;-3,4;-3,2
Estuary;low;2009;346,6666666667;356,6666666667;1336,6666666667;1860;-10,3;-11,4;-6,9;-1,5;6,8;10,9;13,9;13,6;9,5;-0,7;-1,5;-9,3
Estuary;low;2010;206,6666666667;546,6666666667;1736,6666666667;2056,6666666667;-15,6;-14,3;-8,7;1,3;7,6;10,7;16,3;12,0;8,2;3,2;-7,0;-12,8
Estuary;low;2011;113,3333333333;776,6666666667;1480;1636,6666666667;-12,9;-17,2;-5,1;2,1;6,3;14,0;16,3;12,0;9,1;4,0;-1,8;-2,5
Estuary;low;2012;50;576,6666666667;1033,3333333333;1170;-11,4;-14,9;-5,0;-1,0;6,4;11,2;14,0;11,7;8,1;1,3;-2,5;-14,5
Goreliy;high;1992;0;54,2857142857;85;72,8571428571;-10;-6,2;-2,3;-5;6,9;11,8;12;10,3;9,2;-5,7;-8,3;-4
Goreliy;high;1993;0;26,6666666667;143,3333333333;143,3333333333;-8,6;-8,8;-6,1;-2,6;5,3;9,4;14,6;12,1;3,4;-1,6;-6,4;-10,4
Goreliy;high;1994;50;350;1150;1220;-13;-12,8;-6,2;1,2;3,2;11,5;14,2;12,2;6,1;0,6;-6,3;-5,4
Goreliy;high;1995;10;190;200;210;-7,8;-7,9;-3,0;-0,3;4,5;12,5;12,7;11,4;6,5;1,2;-9,2;-14,7
Goreliy;high;1996;0;170;260;260;-9,0;-12,4;-6,4;-1,9;2,7;9,2;12,4;13,5;5,7;2,3;-2,5;-9,4
Goreliy;high;1997;10;90;150;160;-13,4;-11,3;-5,3;-3,6;3,5;11,8;14,6;13,6;8,3;0,0;-5,8;-9,2
Goreliy;high;1998;170;110;760;930;-12,0;-21,3;-9,7;-4,0;3,8;9,8;16,3;11,1;7,0;1,2;-8,1;-10,7
Goreliy;high;1999;1270;220;1790;3160;-16,5;-13,3;-7,0;0,0;1,5;13,3;14,7;10,7;8,3;3,4;-4,2;-10,3
Goreliy;high;2000;1840;490;3930;6100;-10,8;-10,0;-4,4;0,5;5,4;12,2;16,0;12,8;7,4;5,2;-1,7;-8,0
Goreliy;high;2001;350;490;2630;3030;-5,2;-12,7;-11,1;-0,3;4,6;13,2;15,6;11,7;7,2;0,8;-7,3;-11,5
Goreliy;high;2002;230;420;2030;2380;-12,7;-10,0;-6,7;-0,1;5,4;12,4;15,6;11,7;6,2;-0,7;-10,9;-12,0
Goreliy;high;2003;340;350;1670;2110;-17,7;-6,6;-3,1;0,4;6,8;9,1;17,1;13,3;7,7;1,8;-2,3;-9,2
Goreliy;high;2004;960;320;1520;2620;-10,8;-12,4;-5,7;-1,2;4,8;10,3;16,9;12,8;7,8;1,3;-6,4;-6,8
Goreliy;high;2005;570;560;2260;3060;-7,2;-10,0;-9,2;0,1;5,2;12,6;15,9;14,6;8,4;3,7;0,6;-8,1
Goreliy;high;2006;440;470;1430;2200;-10,2;-13,5;-9,7;0,9;6,1;14,1;13,6;13,1;7,5;0,2;-5,4;-5,1
Goreliy;high;2007;490;390;830;1940;-10,8;-18,4;-1,3;0,5;5,8;11,2;14,5;14,2;7,3;4,7;-3,9;-2,4
Goreliy;high;2008;300;300;680;1100;-9,4;-7,8;-7,0;-1,1;3,9;11,4;13,9;10,7;6,2;2,9;-3,4;-3,2
Goreliy;high;2009;540;350;1180;1860;-10,3;-11,4;-6,9;-1,5;6,8;10,9;13,9;13,6;9,5;-0,7;-1,5;-9,3
Goreliy;high;2010;20;220;870;900;-15,6;-14,3;-8,7;1,3;7,6;10,7;16,3;12,0;8,2;3,2;-7,0;-12,8
Goreliy;high;2011;80;30;1870;2000;-12,9;-17,2;-5,1;2,1;6,3;14,0;16,3;12,0;9,1;4,0;-1,8;-2,5
Goreliy;high;2012;250;380;1470;1800;-11,4;-14,9;-5,0;-1,0;6,4;11,2;14,0;11,7;8,1;1,3;-2,5;-14,5
Goreliy;middle;1992;0;40;108;108;-10;-6,2;-2,3;-5;6,9;11,8;12;10,3;9,2;-5,7;-8,3;-4
Goreliy;middle;1993;13,3333333333;103,3333333333;466,6666666667;480;-8,6;-8,8;-6,1;-2,6;5,3;9,4;14,6;12,1;3,4;-1,6;-6,4;-10,4
Goreliy;middle;1994;250;280;1070;1360;-13;-12,8;-6,2;1,2;3,2;11,5;14,2;12,2;6,1;0,6;-6,3;-5,4
Goreliy;middle;1995;10;470;710;710;-7,8;-7,9;-3,0;-0,3;4,5;12,5;12,7;11,4;6,5;1,2;-9,2;-14,7
Goreliy;middle;1996;110;750;1320;1440;-9,0;-12,4;-6,4;-1,9;2,7;9,2;12,4;13,5;5,7;2,3;-2,5;-9,4
Goreliy;middle;1997;10;380;570;580;-13,4;-11,3;-5,3;-3,6;3,5;11,8;14,6;13,6;8,3;0,0;-5,8;-9,2
Goreliy;middle;1998;320;50;1990;2400;-12,0;-21,3;-9,7;-4,0;3,8;9,8;16,3;11,1;7,0;1,2;-8,1;-10,7
Goreliy;middle;1999;4610;100;2460;8030;-16,5;-13,3;-7,0;0,0;1,5;13,3;14,7;10,7;8,3;3,4;-4,2;-10,3
Goreliy;middle;2000;1220;290;3200;4800;-10,8;-10,0;-4,4;0,5;5,4;12,2;16,0;12,8;7,4;5,2;-1,7;-8,0
Goreliy;middle;2001;130;340;3270;3530;-5,2;-12,7;-11,1;-0,3;4,6;13,2;15,6;11,7;7,2;0,8;-7,3;-11,5
Goreliy;middle;2002;170;210;1740;2200;-12,7;-10,0;-6,7;-0,1;5,4;12,4;15,6;11,7;6,2;-0,7;-10,9;-12,0
Goreliy;middle;2003;140;400;1730;2110;-17,7;-6,6;-3,1;0,4;6,8;9,1;17,1;13,3;7,7;1,8;-2,3;-9,2
Goreliy;middle;2004;340;500;1170;1700;-10,8;-12,4;-5,7;-1,2;4,8;10,3;16,9;12,8;7,8;1,3;-6,4;-6,8
Goreliy;middle;2005;250;650;1630;2290;-7,2;-10,0;-9,2;0,1;5,2;12,6;15,9;14,6;8,4;3,7;0,6;-8,1
Goreliy;middle;2006;610;490;1000;1910;-10,2;-13,5;-9,7;0,9;6,1;14,1;13,6;13,1;7,5;0,2;-5,4;-5,1
Goreliy;middle;2007;710;370;710;1990;-10,8;-18,4;-1,3;0,5;5,8;11,2;14,5;14,2;7,3;4,7;-3,9;-2,4
Goreliy;middle;2008;610;240;1710;2740;-9,4;-7,8;-7,0;-1,1;3,9;11,4;13,9;10,7;6,2;2,9;-3,4;-3,2
Goreliy;middle;2009;200;270;1040;1280;-10,3;-11,4;-6,9;-1,5;6,8;10,9;13,9;13,6;9,5;-0,7;-1,5;-9,3
Goreliy;middle;2010;20;190;640;690;-15,6;-14,3;-8,7;1,3;7,6;10,7;16,3;12,0;8,2;3,2;-7,0;-12,8
Goreliy;middle;2011;140;320;1010;1210;-12,9;-17,2;-5,1;2,1;6,3;14,0;16,3;12,0;9,1;4,0;-1,8;-2,5
Goreliy;middle;2012;200;650;1510;1790;-11,4;-14,9;-5,0;-1,0;6,4;11,2;14,0;11,7;8,1;1,3;-2,5;-14,5
Goreliy;low;1992;0;10;50;50;-10;-6,2;-2,3;-5;6,9;11,8;12;10,3;9,2;-5,7;-8,3;-4
Goreliy;low;1993;25;55;157,5;182,5;-8,6;-8,8;-6,1;-2,6;5,3;9,4;14,6;12,1;3,4;-1,6;-6,4;-10,4
Goreliy;low;1994;70;510;1750;1820;-13;-12,8;-6,2;1,2;3,2;11,5;14,2;12,2;6,1;0,6;-6,3;-5,4
Goreliy;low;1995;230;560;1420;1750;-7,8;-7,9;-3,0;-0,3;4,5;12,5;12,7;11,4;6,5;1,2;-9,2;-14,7
Goreliy;low;1996;0;330;470;470;-9,0;-12,4;-6,4;-1,9;2,7;9,2;12,4;13,5;5,7;2,3;-2,5;-9,4
Goreliy;low;1997;0;160;180;180;-13,4;-11,3;-5,3;-3,6;3,5;11,8;14,6;13,6;8,3;0,0;-5,8;-9,2
Goreliy;low;1998;280;200;1870;2320;-12,0;-21,3;-9,7;-4,0;3,8;9,8;16,3;11,1;7,0;1,2;-8,1;-10,7
Goreliy;low;1999;1510;250;2540;4240;-16,5;-13,3;-7,0;0,0;1,5;13,3;14,7;10,7;8,3;3,4;-4,2;-10,3
Goreliy;low;2000;150;230;1160;1350;-10,8;-10,0;-4,4;0,5;5,4;12,2;16,0;12,8;7,4;5,2;-1,7;-8,0
Goreliy;low;2001;110;340;2090;2240;-5,2;-12,7;-11,1;-0,3;4,6;13,2;15,6;11,7;7,2;0,8;-7,3;-11,5
Goreliy;low;2002;100;30;600;730;-12,7;-10,0;-6,7;-0,1;5,4;12,4;15,6;11,7;6,2;-0,7;-10,9;-12,0
Goreliy;low;2003;550;410;1970;2710;-17,7;-6,6;-3,1;0,4;6,8;9,1;17,1;13,3;7,7;1,8;-2,3;-9,2
Goreliy;low;2004;30;500;990;1040;-10,8;-12,4;-5,7;-1,2;4,8;10,3;16,9;12,8;7,8;1,3;-6,4;-6,8
Goreliy;low;2005;0;740;1350;1350;-7,2;-10,0;-9,2;0,1;5,2;12,6;15,9;14,6;8,4;3,7;0,6;-8,1
Goreliy;low;2006;40;370;600;650;-10,2;-13,5;-9,7;0,9;6,1;14,1;13,6;13,1;7,5;0,2;-5,4;-5,1
Goreliy;low;2007;60;300;470;540;-10,8;-18,4;-1,3;0,5;5,8;11,2;14,5;14,2;7,3;4,7;-3,9;-2,4
Goreliy;low;2008;160;240;800;1030;-9,4;-7,8;-7,0;-1,1;3,9;11,4;13,9;10,7;6,2;2,9;-3,4;-3,2
Goreliy;low;2009;70;250;590;790;-10,3;-11,4;-6,9;-1,5;6,8;10,9;13,9;13,6;9,5;-0,7;-1,5;-9,3
Goreliy;low;2010;40;360;1290;1330;-15,6;-14,3;-8,7;1,3;7,6;10,7;16,3;12,0;8,2;3,2;-7,0;-12,8
Goreliy;low;2011;340;470;1120;1590;-12,9;-17,2;-5,1;2,1;6,3;14,0;16,3;12,0;9,1;4,0;-1,8;-2,5
Goreliy;low;2012;50;180;710;760;-11,4;-14,9;-5,0;-1,0;6,4;11,2;14,0;11,7;8,1;1,3;-2,5;-14,5
Goreliy;zero;1992;0;6,6666666667;13,3333333333;13,3333333333;-10;-6,2;-2,3;-5;6,9;11,8;12;10,3;9,2;-5,7;-8,3;-4
Goreliy;zero;1993;0;60;96,6666666667;96,6666666667;-8,6;-8,8;-6,1;-2,6;5,3;9,4;14,6;12,1;3,4;-1,6;-6,4;-10,4
Goreliy;zero;1994;0;220;380;390;-13;-12,8;-6,2;1,2;3,2;11,5;14,2;12,2;6,1;0,6;-6,3;-5,4
Goreliy;zero;1995;260;580;830;1100;-7,8;-7,9;-3,0;-0,3;4,5;12,5;12,7;11,4;6,5;1,2;-9,2;-14,7
Goreliy;zero;1996;30;30;390;420;-9,0;-12,4;-6,4;-1,9;2,7;9,2;12,4;13,5;5,7;2,3;-2,5;-9,4
Goreliy;zero;1997;50;80;290;380;-13,4;-11,3;-5,3;-3,6;3,5;11,8;14,6;13,6;8,3;0,0;-5,8;-9,2
Goreliy;zero;1998;310;680;780;1120;-12,0;-21,3;-9,7;-4,0;3,8;9,8;16,3;11,1;7,0;1,2;-8,1;-10,7
Goreliy;zero;1999;1220;1420;1750;3580;-16,5;-13,3;-7,0;0,0;1,5;13,3;14,7;10,7;8,3;3,4;-4,2;-10,3
Goreliy;zero;2000;0;540;720;720;-10,8;-10,0;-4,4;0,5;5,4;12,2;16,0;12,8;7,4;5,2;-1,7;-8,0
Goreliy;zero;2001;40;600;800;840;-5,2;-12,7;-11,1;-0,3;4,6;13,2;15,6;11,7;7,2;0,8;-7,3;-11,5
Goreliy;zero;2002;20;760;900;930;-12,7;-10,0;-6,7;-0,1;5,4;12,4;15,6;11,7;6,2;-0,7;-10,9;-12,0
Goreliy;zero;2003;50;760;1450;1540;-17,7;-6,6;-3,1;0,4;6,8;9,1;17,1;13,3;7,7;1,8;-2,3;-9,2
Goreliy;zero;2004;70;490;1430;1540;-10,8;-12,4;-5,7;-1,2;4,8;10,3;16,9;12,8;7,8;1,3;-6,4;-6,8
Goreliy;zero;2005;10;240;820;830;-7,2;-10,0;-9,2;0,1;5,2;12,6;15,9;14,6;8,4;3,7;0,6;-8,1
Goreliy;zero;2006;0;240;760;760;-10,2;-13,5;-9,7;0,9;6,1;14,1;13,6;13,1;7,5;0,2;-5,4;-5,1
Goreliy;zero;2007;20;140;630;660;-10,8;-18,4;-1,3;0,5;5,8;11,2;14,5;14,2;7,3;4,7;-3,9;-2,4
Goreliy;zero;2008;90;340;640;740;-9,4;-7,8;-7,0;-1,1;3,9;11,4;13,9;10,7;6,2;2,9;-3,4;-3,2
Goreliy;zero;2009;30;150;430;470;-10,3;-11,4;-6,9;-1,5;6,8;10,9;13,9;13,6;9,5;-0,7;-1,5;-9,3
Goreliy;zero;2010;90;830;1050;1140;-15,6;-14,3;-8,7;1,3;7,6;10,7;16,3;12,0;8,2;3,2;-7,0;-12,8
Goreliy;zero;2011;200;520;820;1100;-12,9;-17,2;-5,1;2,1;6,3;14,0;16,3;12,0;9,1;4,0;-1,8;-2,5
Goreliy;zero;2012;20;430;820;840;-11,4;-14,9;-5,0;-1,0;6,4;11,2;14,0;11,7;8,1;1,3;-2,5;-14,5
razrez2;high;1992;0;58,5540043769;110;94,2857142857;-10;-6,2;-2,3;-5;6,9;11,8;12;10,3;9,2;-5,7;-8,3;-4
razrez2;high;1993;0;24,4948974278;412,5;412,5;-8,6;-8,8;-6,1;-2,6;5,3;9,4;14,6;12,1;3,4;-1,6;-6,4;-10,4
razrez2;high;1994;13,416407865;67,082039325;562,5;462;-13;-12,8;-6,2;1,2;3,2;11,5;14,2;12,2;6,1;0,6;-6,3;-5,4
razrez2;high;1995;51,9615242271;186,5475810618;862,5;907,5;-7,8;-7,9;-3,0;-0,3;4,5;12,5;12,7;11,4;6,5;1,2;-9,2;-14,7
razrez2;high;1996;15;189,7366596101;690;697,5;-9,0;-12,4;-6,4;-1,9;2,7;9,2;12,4;13,5;5,7;2,3;-2,5;-9,4
razrez2;high;1997;0;261,5339366124;580;620;-13,4;-11,3;-5,3;-3,6;3,5;11,8;14,6;13,6;8,3;0,0;-5,8;-9,2
razrez2;high;1998;871,0338684575;114,8912529308;1320;2130;-12,0;-21,3;-9,7;-4,0;3,8;9,8;16,3;11,1;7,0;1,2;-8,1;-10,7
razrez2;high;1999;5466,2875884827;17,3205080757;1560;7240;-16,5;-13,3;-7,0;0,0;1,5;13,3;14,7;10,7;8,3;3,4;-4,2;-10,3
razrez2;high;2000;127,2792206136;106,066017178;2445;2640;-10,8;-10,0;-4,4;0,5;5,4;12,2;16,0;12,8;7,4;5,2;-1,7;-8,0
razrez2;high;2002;108,1665382639;30;1200;1360;-12,7;-10,0;-6,7;-0,1;5,4;12,4;15,6;11,7;6,2;-0,7;-10,9;-12,0
razrez2;high;2004;315,1190251318;341,1744421846;1330;2800;-10,8;-12,4;-5,7;-1,2;4,8;10,3;16,9;12,8;7,8;1,3;-6,4;-6,8
razrez2;middle;1992;0;39,1152144312;150;114;-10;-6,2;-2,3;-5;6,9;11,8;12;10,3;9,2;-5,7;-8,3;-4
razrez2;middle;1993;13,416407865;127,2792206136;330;336;-8,6;-8,8;-6,1;-2,6;5,3;9,4;14,6;12,1;3,4;-1,6;-6,4;-10,4
razrez2;middle;1994;50,199601592;138,6722755276;705;745;-13;-12,8;-6,2;1,2;3,2;11,5;14,2;12,2;6,1;0,6;-6,3;-5,4
razrez2;middle;1995;189,2617235471;227,0902904133;942;1134;-7,8;-7,9;-3,0;-0,3;4,5;12,5;12,7;11,4;6,5;1,2;-9,2;-14,7
razrez2;middle;1996;15,4919333848;221,8783450452;760;770;-9,0;-12,4;-6,4;-1,9;2,7;9,2;12,4;13,5;5,7;2,3;-2,5;-9,4
razrez2;middle;1997;51,6720427311;258,0697580113;645;720;-13,4;-11,3;-5,3;-3,6;3,5;11,8;14,6;13,6;8,3;0,0;-5,8;-9,2
razrez2;middle;1998;459,9891303064;269,9444387277;1770;2750;-12,0;-21,3;-9,7;-4,0;3,8;9,8;16,3;11,1;7,0;1,2;-8,1;-10,7
razrez2;middle;1999;1226,3237745392;288,3747561768;1635;3895;-16,5;-13,3;-7,0;0,0;1,5;13,3;14,7;10,7;8,3;3,4;-4,2;-10,3
razrez2;middle;2000;306,4310689209;204,022057631;1965;2760;-10,8;-10,0;-4,4;0,5;5,4;12,2;16,0;12,8;7,4;5,2;-1,7;-8,0
razrez2;middle;2002;210,7130750571;351,5679166249;2240;3250;-12,7;-10,0;-6,7;-0,1;5,4;12,4;15,6;11,7;6,2;-0,7;-10,9;-12,0
razrez2;middle;2004;411,6126820204;222,4859546129;2235;3090;-10,8;-12,4;-5,7;-1,2;4,8;10,3;16,9;12,8;7,8;1,3;-6,4;-6,8
razrez2;low;1992;0;70,3562363974;277,5;222;-10;-6,2;-2,3;-5;6,9;11,8;12;10,3;9,2;-5,7;-8,3;-4
razrez2;low;1993;0;158,7450786639;405;405;-8,6;-8,8;-6,1;-2,6;5,3;9,4;14,6;12,1;3,4;-1,6;-6,4;-10,4
razrez2;low;1994;15,4919333848;65,7267069006;730;765;-13;-12,8;-6,2;1,2;3,2;11,5;14,2;12,2;6,1;0,6;-6,3;-5,4
razrez2;low;1995;62,20932406;95,812316536;582;660;-7,8;-7,9;-3,0;-0,3;4,5;12,5;12,7;11,4;6,5;1,2;-9,2;-14,7
razrez2;low;1996;0;96,0468635615;637,5;645;-9,0;-12,4;-6,4;-1,9;2,7;9,2;12,4;13,5;5,7;2,3;-2,5;-9,4
razrez2;low;1997;62,20932406;118,869676537;624;702;-13,4;-11,3;-5,3;-3,6;3,5;11,8;14,6;13,6;8,3;0,0;-5,8;-9,2
razrez2;low;1998;471,6778561688;126,2141038078;1044;2424;-12,0;-21,3;-9,7;-4,0;3,8;9,8;16,3;11,1;7,0;1,2;-8,1;-10,7
razrez2;low;1999;395,5755300824;44,1588043316;1305;2405;-16,5;-13,3;-7,0;0,0;1,5;13,3;14,7;10,7;8,3;3,4;-4,2;-10,3
razrez2;low;2000;646,0108358224;101,7349497469;1836;2562;-10,8;-10,0;-4,4;0,5;5,4;12,2;16,0;12,8;7,4;5,2;-1,7;-8,0
razrez2;low;2002;209,8213525836;372,2902093797;2085;2497,5;-12,7;-10,0;-6,7;-0,1;5,4;12,4;15,6;11,7;6,2;-0,7;-10,9;-12,0
razrez2;low;2004;207,4126322093;145,4303957225;1290;1818;-10,8;-12,4;-5,7;-1,2;4,8;10,3;16,9;12,8;7,8;1,3;-6,4;-6,8
razrez2;zero;1992;0;278,7471972953;560;560;-10;-6,2;-2,3;-5;6,9;11,8;12;10,3;9,2;-5,7;-8,3;-4
razrez2;zero;1993;25,099800796;75,2994023881;324;354;-8,6;-8,8;-6,1;-2,6;5,3;9,4;14,6;12,1;3,4;-1,6;-6,4;-10,4
razrez2;zero;1994;34,6410161514;45,8257569496;900;930;-13;-12,8;-6,2;1,2;3,2;11,5;14,2;12,2;6,1;0,6;-6,3;-5,4
razrez2;zero;1995;56,920997883;162,1110730333;750;685;-7,8;-7,9;-3,0;-0,3;4,5;12,5;12,7;11,4;6,5;1,2;-9,2;-14,7
razrez2;zero;1996;25,099800796;123,5718414527;855;870;-9,0;-12,4;-6,4;-1,9;2,7;9,2;12,4;13,5;5,7;2,3;-2,5;-9,4
razrez2;zero;1997;72,0416546173;164,0426773739;805;880;-13,4;-11,3;-5,3;-3,6;3,5;11,8;14,6;13,6;8,3;0,0;-5,8;-9,2
razrez2;zero;1998;220,0454498507;44,4971909226;912;1182;-12,0;-21,3;-9,7;-4,0;3,8;9,8;16,3;11,1;7,0;1,2;-8,1;-10,7
razrez2;zero;1999;780,173057725;86,4291617453;1074;2328;-16,5;-13,3;-7,0;0,0;1,5;13,3;14,7;10,7;8,3;3,4;-4,2;-10,3
razrez2;zero;2000;260,959767014;112,2497216032;1522,5;2017,5;-10,8;-10,0;-4,4;0,5;5,4;12,2;16,0;12,8;7,4;5,2;-1,7;-8,0
razrez2;zero;2002;42,4264068712;63,6396103068;600;810;-12,7;-10,0;-6,7;-0,1;5,4;12,4;15,6;11,7;6,2;-0,7;-10,9;-12,0
Lomnishniy;zero;2007;63;21;435;501;-10,8;-18,4;-1,3;0,5;5,8;11,2;14,5;14,2;7,3;4,7;-3,9;-2,4
Lomnishniy;zero;2008;612;138;810;1530;-9,4;-7,8;-7,0;-1,1;3,9;11,4;13,9;10,7;6,2;2,9;-3,4;-3,2
Lomnishniy;zero;2009;18;135;990;813;-10,3;-11,4;-6,9;-1,5;6,8;10,9;13,9;13,6;9,5;-0,7;-1,5;-9,3
Lomnishniy;zero;2010;6;165;667,5;540;-15,6;-14,3;-8,7;1,3;7,6;10,7;16,3;12,0;8,2;3,2;-7,0;-12,8
Lomnishniy;zero;2011;33;39;345;378;-12,9;-17,2;-5,1;2,1;6,3;14,0;16,3;12,0;9,1;4,0;-1,8;-2,5
Lomnishniy;zero;2012;138;21;360;513;-11,4;-14,9;-5,0;-1,0;6,4;11,2;14,0;11,7;8,1;1,3;-2,5;-14,5
YuG;zero;2001;90;96,6666666667;1166,6666666667;1256,6666666667;-5,2;-12,7;-11,1;-0,3;4,6;13,2;15,6;11,7;7,2;0,8;-7,3;-11,5
YuG;zero;2002;225;135;1035;1196,25;-12,7;-10,0;-6,7;-0,1;5,4;12,4;15,6;11,7;6,2;-0,7;-10,9;-12,0
YuG;zero;2003;414;70;1358,5714285714;1758;-17,7;-6,6;-3,1;0,4;6,8;9,1;17,1;13,3;7,7;1,8;-2,3;-9,2
YuG;zero;2004;690;2,3076923077;1015,3846153846;1913,0769230769;-10,8;-12,4;-5,7;-1,2;4,8;10,3;16,9;12,8;7,8;1,3;-6,4;-6,8
YuG;zero;2005;118;8;684;860;-7,2;-10,0;-9,2;0,1;5,2;12,6;15,9;14,6;8,4;3,7;0,6;-8,1
YuG;zero;2006;150;5;680;842,5;-10,2;-13,5;-9,7;0,9;6,1;14,1;13,6;13,1;7,5;0,2;-5,4;-5,1
YuG;zero;2007;544;22;624;1412;-10,8;-18,4;-1,3;0,5;5,8;11,2;14,5;14,2;7,3;4,7;-3,9;-2,4
YuG;zero;2008;402;63;927;1434;-9,4;-7,8;-7,0;-1,1;3,9;11,4;13,9;10,7;6,2;2,9;-3,4;-3,2
YuG;zero;2009;240;156;764;1122;-10,3;-11,4;-6,9;-1,5;6,8;10,9;13,9;13,6;9,5;-0,7;-1,5;-9,3
YuG;zero;2010;100;132;570;682;-15,6;-14,3;-8,7;1,3;7,6;10,7;16,3;12,0;8,2;3,2;-7,0;-12,8
YuG;zero;2011;74;62;311,5384615385;364;-12,9;-17,2;-5,1;2,1;6,3;14,0;16,3;12,0;9,1;4,0;-1,8;-2,5
YuG;zero;2012;78;4;98,5714285714;142;-11,4;-14,9;-5,0;-1,0;6,4;11,2;14,0;11,7;8,1;1,3;-2,5;-14,5
ZRS;middle;1994;0;210;450;450;-13;-12,8;-6,2;1,2;3,2;11,5;14,2;12,2;6,1;0,6;-6,3;-5,4
ZRS;middle;1995;15;265;475;490;-7,8;-7,9;-3,0;-0,3;4,5;12,5;12,7;11,4;6,5;1,2;-9,2;-14,7
ZRS;middle;1996;0;180;260;260;-9,0;-12,4;-6,4;-1,9;2,7;9,2;12,4;13,5;5,7;2,3;-2,5;-9,4
ZRS;middle;1997;5;190;215;220;-13,4;-11,3;-5,3;-3,6;3,5;11,8;14,6;13,6;8,3;0,0;-5,8;-9,2
ZRS;middle;1998;185;320;465;755;-12,0;-21,3;-9,7;-4,0;3,8;9,8;16,3;11,1;7,0;1,2;-8,1;-10,7
ZRS;middle;1999;3235;335;3530;8530;-16,5;-13,3;-7,0;0,0;1,5;13,3;14,7;10,7;8,3;3,4;-4,2;-10,3
ZRS;middle;2000;850;160;1710;2910;-10,8;-10,0;-4,4;0,5;5,4;12,2;16,0;12,8;7,4;5,2;-1,7;-8,0
ZRS;middle;2001;110;585;2345;2515;-5,2;-12,7;-11,1;-0,3;4,6;13,2;15,6;11,7;7,2;0,8;-7,3;-11,5
ZRS;middle;2002;30;855;2590;2690;-12,7;-10,0;-6,7;-0,1;5,4;12,4;15,6;11,7;6,2;-0,7;-10,9;-12,0
ZRS;middle;2003;25;715;1900;1930;-17,7;-6,6;-3,1;0,4;6,8;9,1;17,1;13,3;7,7;1,8;-2,3;-9,2
ZRS;middle;2004;285;790;1560;2355;-10,8;-12,4;-5,7;-1,2;4,8;10,3;16,9;12,8;7,8;1,3;-6,4;-6,8
ZRS;middle;2005;75;820;1645;1825;-7,2;-10,0;-9,2;0,1;5,2;12,6;15,9;14,6;8,4;3,7;0,6;-8,1
ZRS;middle;2006;40;515;680;795;-10,2;-13,5;-9,7;0,9;6,1;14,1;13,6;13,1;7,5;0,2;-5,4;-5,1
ZRS;middle;2007;55;800;970;1055;-10,8;-18,4;-1,3;0,5;5,8;11,2;14,5;14,2;7,3;4,7;-3,9;-2,4
ZRS;middle;2008;390;715;1230;1840;-9,4;-7,8;-7,0;-1,1;3,9;11,4;13,9;10,7;6,2;2,9;-3,4;-3,2
ZRS;middle;2009;175;640;1285;1745;-10,3;-11,4;-6,9;-1,5;6,8;10,9;13,9;13,6;9,5;-0,7;-1,5;-9,3
ZRS;middle;2010;110;790;1465;1680;-15,6;-14,3;-8,7;1,3;7,6;10,7;16,3;12,0;8,2;3,2;-7,0;-12,8
ZRS;middle;2011;95;755;1310;1455;-12,9;-17,2;-5,1;2,1;6,3;14,0;16,3;12,0;9,1;4,0;-1,8;-2,5
ZRS;middle;2012;65;515;775;910;-11,4;-14,9;-5,0;-1,0;6,4;11,2;14,0;11,7;8,1;1,3;-2,5;-14,5
