month;date;year;m0;m5;m10;m15;m25;m50;m65
1;19;1979;-0,1;-0,4;-0,5;-0,5;-0,5;-0,5;-0,5
2;15;1979;-0,8;-1,2;-1,2;-1,2;-1,2;-1,2;-1,2
3;19;1979;-0,4;-1,3;-1,3;-1,3;-0,9;-0,5;-0,4
4;16;1979;-0,4;-1,2;-1,3;-1,1;-0,8;-0,5;-0,5
5;15;1979;0,2;-0,5;-0,8;-0,7;-0,5;-0,5;-0,5
5;22;1979;2,8;0,7;-0,4;-0,7;-0,7;-0,7;-0,7
5;30;1979;4,8;3,8;0;-0,5;-0,7;-0,7;-0,7
6;11;1979;6;5,8;0,1;-0,6;-0,7;-0,8;-0,8
6;21;1979;9,5;7,3;7;4,5;1,1;-0,6;-0,6
7;1;1979;14,2;5,8;3,8;2,5;0,8;-0,5;-0,5
7;10;1979;15,8;12,2;10,4;5;1,5;-0,5;-0,5
7;20;1979;15,2;14,4;13,1;9,5;4,5;-0,1;-0,2
7;30;1979;15,2;14;12,4;8;2,3;-0,3;-0,3
8;9;1979;13,9;13,9;13,9;13,8;1,3;0;0
8;20;1979;14,4;13;9,6;7;4,1;0,5;0,4
8;30;1979;12,4;12,4;12,4;12,4;4;1,1;1,1
9;10;1979;10,5;7;5;3;1,3;-0,1;-0,2
9;20;1979;8,6;8,4;7,4;6,6;5,5;1,1;0,9
10;1;1979;7,3;7,3;7,3;7,2;5,5;0,9;0,8
10;10;1979;5,2;5,3;5,3;5,3;2,6;0,5;0,3
10;20;1979;3;3;3,2;3,3;2,8;1;0,9
10;31;1979;2;2,5;2,7;2,8;2,3;0,6;0,5
11;11;1979;1;1,2;1,5;1,7;2,2;1,3;1,3
11;21;1979;1,4;1,5;1,6;1,7;1,8;1,9;1,9
11;29;1979;-0,1;0;0,4;0,5;0,5;1,9;1,9
12;11;1979;-1,3;-1,3;-1,3;-1,3;-1,3;1;1
2;2;1980;-1;-1;-1;-0,7;-0,3;0;0
2;15;1980;-1,1;-1,2;-1,4;-1,5;-0,7;-0,1;-0,1
3;3;1980;-1;-1;-1;-0,8;-0,5;-0,1;0
3;19;1980;-1;-1;-1;-0,5;-0,2;-0,2;-0,2
4;10;1980;-0,8;-1;-1,1;-1;-0,7;-0,2;-0,2
4;21;1980;-1,2;-1,3;-1;-0,8;-0,3;-0,2;-0,2
4;29;1980;-0,2;-0,7;-0,4;-0,3;-0,3;-0,3;-0,3
5;20;1980;2,2;1,6;0,5;-0,2;-0,5;-0,6;-0,6
5;30;1980;6,4;5,2;2,8;1,4;0,1;-0,4;-0,4
6;11;1980;11,2;10,7;8,8;5;0,8;-0,2;-0,2
6;20;1980;13,3;11;8,2;3,6;0,2;-0,4;-0,4
6;29;1980;12,7;12,7;12,2;9;2,5;-0,2;-0,2
7;10;1980;14;13,6;13,2;12;3,8;0,3;0,3
7;21;1980;14,1;14,1;13,5;13;9,5;0,7;0,7
7;30;1980;16;15,7;14,7;12,4;6;1;0,9
8;11;1980;13,6;13,5;13,5;13,5;13,4;1,4;1
8;20;1980;14,7;14,6;14,1;13,6;10,2;1,6;1,2
8;28;1980;12,8;13,1;13,1;13,1;6,5;0,6;0,4
9;11;1980;11,2;11,2;11,1;10,6;5,8;1,5;1,5
9;21;1980;11,1;11,3;11,3;11,3;7,5;1,8;1,6
10;1;1980;8;8;4;2,7;1,5;0,5;0,5
10;11;1980;5,6;5,6;5,5;5,2;4,2;1,5;1,5
10;20;1980;5,7;5,7;5,6;5,5;5;1,4;1,2
11;1;1980;3;3;3;3;3;1,7;1,4
11;10;1980;1,7;1,7;1,7;1,7;1,7;0,1;0,1
11;19;1980;-0,6;0,1;0,3;0,8;0,9;0,2;0,1
11;28;1980;-1,4;-1,4;-1,4;-1,4;-1,4;0,3;0,4
2;12;1981;-1,2;-1,3;-1,2;-1,1;-0,3;0,1;0,1
3;2;1981;-1,2;-1,2;-1,2;-1,2;-0,6;-0,2;-0,4
3;20;1981;-1,2;-1,2;-1,2;-1,2;-0,6;-0,2;-0,3
5;13;1981;-0,6;-0,3;-0,5;-0,7;-0,9;-0,9;-0,9
6;10;1981;8,2;5;1,8;0,6;-0,2;-0,9;-0,9
6;20;1981;8;7,5;5,5;4,6;0,7;-0,5;0
6;29;1981;12,8;10;6;5,2;3,9;0,5;0,2
7;10;1981;14,4;11,5;9,8;7,2;4,2;1,2;1,2
7;20;1981;12,7;13;8;5,8;4,3;0,8;0,7
8;1;1981;14,6;14,3;12,4;8,6;5,4;1,8;1,6
8;11;1981;13,8;14,2;13,9;12;4;0;0
8;20;1981;11,2;9;5,6;4;2,5;0,8;0,7
8;31;1981;10,6;10,6;10,6;10,6;5,2;2,2;2,1
9;10;1981;9,6;10;10,2;10,2;9;2;1,6
9;21;1981;7,5;8,8;8,6;7,3;3,4;1,4;1,3
9;29;1981;6,7;6,6;6,6;6,2;5;1,2;1
10;10;1981;7;7,1;7,2;6,8;5,2;1,7;1,6
10;21;1981;4,5;4,5;5;6;5,8;2,8;2,4
10;29;1981;4,2;4,3;4,3;4,8;4,6;2,4;2,2
11;11;1981;2,8;2,8;2,9;3;3,5;2,7;2,1
11;21;1981;2,1;2,1;2,2;3,2;3,2;1,5;1,1
11;30;1981;0,6;0,7;1,5;1,7;1,9;2;2,1
12;10;1981;0;0,1;0,1;0,1;0,1;0,2;0,3
12;20;1981;-1,2;-1,2;-1,2;-1,1;-0,1;0,9;0,9
1;7;1982;-0,6;-0,9;-1,1;-1;0,4;-0,6;-0,7
1;31;1982;-0,8;-0,2;-0,1;-0,3;0,1;0,3;0,3
2;16;1982;-0,5;-0,5;-0,5;-0,7;-0,3;0;0
3;15;1982;-0,6;-0,6;-0,7;-0,2;-0,1;-0,6;-0,6
3;31;1982;-0,4;-0,9;-0,9;-1,2;-1,2;-0,4;-0,4
4;9;1982;-0,4;-0,9;-0,9;-1,1;-0,9;-0,5;-0,5
4;15;1982;-0,5;-0,9;-1,1;-1,2;-1;-0,5;-0,5
4;20;1982;-0,4;-0,7;-1,1;-1,1;-1;-0,5;-0,5
4;30;1982;0,1;-0,4;-0,7;-0,9;-0,9;-0,6;-0,6
5;20;1982;3,7;0,9;0,4;-0,1;-0,6;-0,8;-0,8
5;30;1982;4,3;4,1;2,5;0,3;-0,5;-0,7;-0,7
6;10;1982;5,4;5,4;5,4;2,5;0,5;-0,7;-0,8
6;20;1982;6,8;4,3;2,5;1,4;0,1;-0,7;-0,8
7;1;1982;11;7;5;2,1;1,2;0,1;0
7;10;1982;12,9;12,3;7,5;5,5;3,6;1;0,4
7;21;1982;12,5;11;4,3;3;1,2;0,3;0,3
7;30;1982;13,8;13,7;10;4;2;0,5;0,4
8;10;1982;12,2;7;4,6;2,2;1,5;0,1;0
8;20;1982;11,3;10,4;10,2;9,9;6,6;2,1;1,8
8;30;1982;11,2;11,2;10,8;10;7,2;1,8;1,8
9;10;1982;9,9;9,9;9,9;9,1;3,2;0,4;0,3
9;21;1982;7,9;7,8;7,7;4;2,1;1,3;1,3
9;30;1982;6,1;6,2;6;4,2;2,9;1,5;1,4
10;10;1982;5,3;5,3;5,3;4,8;3,9;2,1;2
10;20;1982;2,5;3,7;3,8;3,9;3,9;2,7;2,5
10;30;1982;2,8;2,8;2,9;3;3,8;2,3;2,1
11;11;1982;1,6;1,6;1,6;1,6;2,1;0,8;0,5
11;20;1982;1,5;2,2;2,3;2,1;2;1,1;1,1
11;29;1982;1,6;1,6;1,6;1,7;2,5;1,9;1,9
12;9;1982;0,2;0,2;0,2;0,5;0,7;1,8;1,7
1;26;1999;-1,2;-1,2;-1,2;-1,2;0,1;0,8;0,8
2;10;1999;-1;-0,6;-0,8;-0,9;0,1;1;1,1
3;17;1999;-0,6;-0,8;-1,2;-1,2;-0,1;0,2;0,2
4;7;1999;-0,3;-0,5;-0,5;-0,1;0,6;0,5;0,5
5;22;1999;1,6;0,5;0,2;0,1;-0,2;-0,2;-0,2
6;1;1999;5,4;0;1,6;;0;-0,2;-0,2
6;10;1999;7,2;2,1;1,2;0,6;-0,3;-0,3;-0,3
6;21;1999;10,2;7,1;2,6;1,3;0,1;-0,1;0
2;10;1998;-1,1;-0,4;-0,4;-0,5;0,3;0,5;NA
3;18;1998;-0,8;-0,9;-1;-1;-0,5;-0,2;NA
4;12;1998;-0,5;-0,8;-1;-0,9;-0,5;-0,7;NA
6;9;1998;5,2;4,9;1,9;-0,5;-0,8;-0,9;-0,9
6;20;1998;7,8;7,7;6;1,5;-0,4;-0,6;-0,6
6;30;1998;12,7;11,1;8,8;7,9;1;-0,4;-0,4
7;9;1998;16,2;16,2;13,6;7,5;3,1;-0,2;-0,3
7;20;1998;14,7;14,6;12,5;7,1;3;-0,1;-0,4
7;30;1998;14,4;14,5;14,5;11,4;8,5;1,9;1,6
8;9;1998;13,6;13,5;13,5;12,5;7,3;1,1;1
8;20;1998;11,9;12;12;12,2;5,5;1,3;1,2
8;30;1998;11,7;11,7;11,7;11,7;11,5;3,1;2,5
9;10;1998;11,2;11,1;10,7;9;4;1,7;1,6
9;21;1998;9,2;9,3;9,3;9,3;8,8;4,5;3,1
9;30;1998;7,9;7,9;7,9;8,1;7,5;1,5;1,3
10;9;1998;6,5;6,5;6,5;3,5;1,1;0,7;0,6
10;20;1998;4,7;4,6;4,5;4,6;3,4;1,5;0,9
11;1;1998;3,8;3,8;3,8;3,8;3,8;3;2,4
11;11;1998;1,3;1,6;2,5;2,6;3,4;3,7;3,8
2;17;1983;-0,6;-0,7;-0,8;-0,9;-0,5;-0,5;-0,5
3;16;1983;-0,6;-0,7;-0,7;-0,7;-0,5;0,1;0,1
3;31;1983;-0,8;-0,8;-0,9;-0,9;-0,5;-0,4;-0,4
4;11;1983;-0,5;-0,8;-1,1;-1,1;-1;-0,5;-0,5
4;21;1983;-0,2;-1;-1,2;-1,3;-1,3;-0,7;-0,6
5;19;1983;3,8;3,6;2,2;1,6;0,8;-0,5;-0,6
5;29;1983;5,2;3,1;2,2;1,6;0,8;-0,5;-0,6
6;9;1983;10,4;5;4;2,7;0,8;-0,6;-0,6
6;20;1983;11,6;10,9;9,2;7,4;2;-0,3;-0,3
6;29;1983;12,8;5;2,4;1;0,1;-0,6;-0,6
7;11;1983;16;13;5,2;3,4;0,7;-0,3;-0,3
7;20;1983;14,4;9,5;3,5;1,8;0,8;0;-0,1
7;30;1983;12,6;11,2;7;3;1;0;0
8;11;1983;13,4;12;8,5;5;1;0,1;0
8;19;1983;12,3;12,5;11,2;5;1,5;0,3;0,2
9;2;1983;8,6;8,6;7;5,3;2,4;0,3;0,2
9;11;1983;7;6,9;6,3;4;2,2;1,3;0,9
9;21;1983;7,1;7,1;6,6;6;5;2,3;2,3
10;2;1983;6,8;7;7;7;7;3,5;3
10;10;1983;6;6;5,8;5,3;4,6;1,8;1,7
10;20;1983;5,2;5,3;5,5;5,5;5,2;3,6;3,1
10;30;1983;3,6;3,6;3,7;3,8;4;3,9;3
11;5;1983;3,2;3,2;3,3;3,3;3,5;2,8;2,7
11;16;1983;1,4;1,4;1,4;1,4;1,9;2,2;2,1
1;12;1984;-0,6;-1;-1,1;-1,1;-1,1;-0,9;-0,9
3;15;1984;-0,6;-1,1;-1;-0,5;-0,3;-0,7;-0,8
3;30;1984;-0,8;-1;-0,8;-0,6;-0,6;-0,6;-0,6
4;10;1984;-0,8;-1,2;-1;-0,7;-0,8;-0,6;-0,6
4;20;1984;-0,8;-1,1;-1;-0,7;-0,7;-0,6;-0,6
4;29;1984;0,4;-0,5;-0,5;-0,4;-0,8;-0,9;-0,9
5;10;1984;0,6;0,9;0,4;-0,1;-0,7;-0,9;-0,9
5;21;1984;7,4;3,5;1;-0,3;-0,8;-0,9;-0,9
5;31;1984;15;11,5;5;1;-0,5;-0,9;-0,9
6;9;1984;11,2;11;10;4,5;0,2;-0,7;-0,7
6;20;1984;13,2;6,5;2;0,6;-0,3;-0,8;-0,8
6;30;1984;14,6;14;11,4;9,8;2,5;-0,2;-0,3
7;9;1984;13,8;13,7;12;7,5;0,7;-0,8;-0,8
7;19;1984;13,8;13,8;11,7;9,6;4,5;0;-0,1
7;30;1984;15,6;13,3;11,5;10,1;5,8;1,7;1,3
8;11;1984;18;18,2;14,4;10;5,3;1,3;1,2
8;20;1984;13,8;14,1;14,1;13,9;5;0,9;0,6
8;30;1984;11,6;11,6;4,9;3;1,4;0,3;0,2
9;10;1984;9,2;9;7;5;2,4;1,2;1
9;21;1984;9;9;9;8,9;6,3;1,8;1,6
10;1;1984;7;7,3;7,5;7,4;6,5;3;2,8
10;11;1984;6;6,8;7;7;6,9;3,7;3,1
10;20;1984;5,3;5,6;6;6,4;6,7;4,6;4,2
10;30;1984;2,8;4,9;4,9;5;5,2;3;2,6
11;17;1984;3;3;3,3;3,7;4,2;2,1;1,5
12;15;1984;-0,9;-0,5;0;1,2;1,9;2;1,4
2;18;1985;-0,8;-1;-0,9;-0,5;0,7;0,8;0,8
3;15;1985;-0,8;-1;-0,9;-0,3;0,5;0,4;0,4
4;1;1985;-0,8;0;0,5;0,5;0,2;-0,3;-0,4
4;11;1985;-1,2;-0,9;-0,5;-0,3;-0,3;-0,7;-0,7
4;20;1985;-0,7;-0,4;-0,1;0,2;0;-0,3;-0,3
4;30;1985;-0,7;-0,3;0;0,1;0,1;-0,1;-0,3
5;10;1985;-0,6;-0,4;-0,1;0;-0,1;-0,3;-0,3
5;20;1985;0,3;-0,2;-0,2;0;0,1;-0,1;-0,2
5;30;1985;0,8;-0,2;-0,2;-0,2;-0,5;-0,7;-0,7
6;10;1985;5,4;4;1,6;0,5;-0,3;-0,5;-0,5
6;20;1985;13,4;9;5,6;4;0,8;-0,3;-0,3
6;30;1985;11,6;11,6;11,4;4,7;1,2;0;-0,2
7;9;1985;14,6;12,2;10,5;6;0,8;-0,1;-0,1
7;21;1985;14,1;13,2;10;6,5;1;-0,2;-0,2
7;30;1985;14;13,4;13,3;13,1;3;0,2;0,2
8;9;1985;14,2;14;13,3;9,5;3,2;0,5;0,5
8;19;1985;14,6;14,6;14,2;11;2,7;0,1;0,1
8;19;1985;14,6;14,6;14,2;11;2,7;0,1;0,1
8;30;1985;13,1;13,1;12,2;8;2,7;0,4;0,3
9;9;1985;12;12;11,9;9,5;5,2;1,1;1
9;19;1985;11,1;11,1;11,1;10;4,4;2,2;2,2
9;29;1985;8,2;8,2;8,5;8,5;3,5;0;-0,2
10;10;1985;5,4;4,3;3,5;2,3;1,5;0,3;0,3
10;19;1985;3,3;3,3;3,3;3,3;3,1;1,7;1,7
10;31;1985;1,6;1,6;2,3;2,4;2,7;2;1,9
11;16;1985;1,9;2;2,1;2,1;2,1;2,5;2,5
1;16;1986;-0,5;-0,4;-0,3;-0,2;0;0,4;0,5
2;16;1986;-0,6;-0,6;-0,6;-0,3;0,7;0,8;0,8
3;15;1986;-0,6;-0,6;-0,6;-0,2;0,1;-0,1;-0,2
3;31;1986;-0,5;-0,5;-0,3;-0,3;-0,1;-0,7;-0,8
4;11;1986;-0,6;-0,6;-0,6;-0,5;-0,3;-0,4;-0,5
4;21;1986;-0,4;-0,5;-0,5;-0,2;-0,1;-0,7;-1
5;7;1986;1;0;-0,3;-0,4;-0,5;-0,8;-0,9
5;21;1986;5,6;3,5;3;2,5;0,6;-0,5;-0,5
5;30;1986;4,3;4;3;2,8;1,5;-0,2;-0,4
6;9;1986;11,7;3,5;2,7;2,2;1,5;0;-0,1
6;19;1986;14,1;9;8;3,7;1;0;-0,1
6;30;1986;12;10;4,5;2,8;1,5;0;0
7;11;1986;12,2;10,5;7,2;4,1;2,1;0,7;0,6
7;20;1986;17,1;12,8;11,2;9;3,1;1,2;1,1
7;31;1986;19,1;14,6;11,2;9;5;1,5;1,2
8;10;1986;12,3;12,1;11,1;10,4;4,5;1,2;1
8;19;1986;11;10,7;5,5;3,7;1,7;1;0,9
8;30;1986;9;9,4;10;10;9,9;3,3;2,8
9;10;1986;9,1;9,5;9,6;9,5;8,8;2,1;2
9;22;1986;7,6;8,5;8,5;8,5;8,2;3,7;3,4
9;30;1986;7,3;7,3;7,3;7,3;7,5;3;2,1
10;9;1986;5,8;5,8;5,9;5,9;5,9;0,7;0,4
10;20;1986;4,6;4,6;4,6;4,3;2,7;1,8;1,7
10;29;1986;3,8;3,7;3,4;3;2,4;1,4;1,2
11;15;1986;1,5;1,6;1,8;1,9;2;1,6;1,4
12;15;1986;-0,9;-0,9;-0,9;-0,9;-0,9;0,6;0,6
1;15;1987;-0,2;-0,3;-0,4;-0,3;-0,2;0,2;0,3
2;17;1987;-0,2;-0,3;-0,4;-0,5;-0,3;0;0
3;16;1987;-0,2;-1,1;-1;-0,9;-0,6;-0,4;-0,4
3;31;1987;0,1;-1,1;-1,1;-0,7;-0,5;-0,4;-0,4
4;9;1987;-1;-1,2;-1;-0,9;-0,7;-0,4;-0,4
4;21;1987;-1;-1,1;-1;-0,7;-0,5;-0,5;-0,5
4;30;1987;-0,6;-0,6;-0,5;-0,5;-0,3;-0,5;-0,7
5;20;1987;4,2;0,6;0;-0,3;-0,6;-0,5;-0,5
6;1;1987;5,6;0,6;-0,1;-0,4;-0,5;-0,7;-0,8
6;10;1987;6,1;6,1;4;3,6;0,6;-0,7;-0,7
6;20;1987;8,6;4,5;3,6;2,7;1;-0,5;-0,7
7;1;1987;11;9;5;4;1,5;-0,5;-0,6
7;9;1987;11,7;11,5;10;4;0,2;-0,5;-0,6
7;19;1987;12,8;12,3;9;1,4;0,1;-0,5;-0,5
7;30;1987;10,3;10;8,6;6,7;1;-0,3;-0,3
8;10;1987;11,8;12;12;12;11,2;1,6;1,2
8;19;1987;11,3;11,3;11,2;10,3;7;0,6;0,2
9;1;1987;10,2;10,8;10,7;9,7;5;0,3;0,1
9;13;1987;10,2;10;9,2;8,7;6,8;1,7;1,5
9;23;1987;8;10;9,9;8,8;5,3;1,6;1,5
10;1;1987;8,1;8,4;8,5;8,5;8,3;3,1;2,6
10;11;1987;6,6;6,6;5;4,2;1,8;0,7;0,6
10;20;1987;5,9;5,9;6;5,3;4,1;1,7;1,3
1;15;1988;-0,6;-0,9;-1;-1,1;-0,9;0,1;0,2
2;15;1988;-1;-1;-1;-1;-0,2;0;0
3;15;1988;-1,2;-1,2;-1;-0,9;-0,4;-0,2;-0,2
4;1;1988;-0,7;-1,3;-1,2;-1;-0,4;-0,4;-0,4
5;23;1988;5,4;1;-0,3;-0,5;-0,6;-0,7;-0,8
6;3;1988;6,3;6,2;5,6;1,5;-0,4;-0,8;-0,8
6;11;1988;8;8;7,7;0,5;-0,4;-0,6;-0,8
6;20;1988;10,1;8;1,3;-0,3;-0,5;-0,9;-0,9
6;30;1988;15,6;13,6;6;1;0;-0,6;-0,7
7;9;1988;14,4;14,4;12,7;10;4,2;0,4;0,3
7;19;1988;15,8;15,8;12,5;10,2;4,6;0,1;0
7;29;1988;16,8;16,6;15;13;3,4;0;-0,1
8;10;1988;15,4;15,4;15,4;15,4;12,5;2,4;2,4
8;22;1988;13,8;13,8;13,8;13;6;0,8;0,5
9;2;1988;13,6;13,6;13,5;12;6,5;2,2;2
9;10;1988;13,3;13,3;13,2;11,8;7;2,1;2
9;20;1988;10;10,3;10;7,8;2,5;0,5;0,5
10;1;1988;7,3;7,3;7;5,5;4,4;2,1;2
10;12;1988;5,2;5,2;5;4;1,2;0,3;0,2
10;20;1988;4;4;4,1;4,2;3,9;1,3;1,1
11;2;1988;0,6;0,7;0,7;0,7;0,6;0,3;0,1
11;16;1988;-0,4;-0,3;-0,2;-0,1;0,1;0,3;0,3
1;23;1989;-1;-1;-1;-1;-0,9;-0,6;-0,5
2;20;1989;-1;-1,4;-1,3;-1,2;-0,8;-0,5;-0,5
3;15;1989;-0,8;-1;-1;-1;-0,9;-0,7;-0,7
4;14;1989;-0,6;-0,8;-0,8;-1;-0,7;-0,7;-0,7
5;10;1989;6,1;0,2;0;-0,2;-0,6;-0,8;-0,9
5;20;1989;4,4;4;1;0,4;-0,6;-0,9;-1
5;31;1989;3,6;3,2;-0,2;-0,7;-0,9;-0,9;-1
6;11;1989;9;7;6,3;4;1;-0,8;-0,8
6;21;1989;11,4;5;1,8;0,5;-0,3;-0,7;-0,8
7;1;1989;15,9;6;2,1;1,4;;-0,5;-0,6
7;10;1989;12,7;12,5;9;2,7;0,5;-0,2;-0,3
7;20;1989;13,2;13;11;8,2;3,7;0,5;0,3
7;31;1989;14;13,5;9,5;6;2,4;1,2;1,1
8;10;1989;15;14,5;14,1;12,8;8;2,9;2,4
8;19;1989;15;15;14;13;5;2,5;2,2
8;30;1989;12,4;12,4;12,4;12,2;4,5;1,6;1,6
9;10;1989;10,6;10,6;10,6;10,5;6,7;3;2,9
9;19;1989;9,7;9,7;9,6;9;5,5;2,3;2,1
10;1;1989;7,7;7,7;7,7;7,7;6,5;3,2;3,2
10;10;1989;6,3;6,4;6,5;6,5;6,6;3,3;3,2
10;19;1989;5,2;5,2;5,2;5,3;5,5;3,9;3,8
10;30;1989;4;4;4,3;4,5;5,2;3,5;3,4
1;17;1990;-1,4;-1,3;-1,2;-1,2;-1;-0,6;-0,4
2;21;1990;-1;-1;-1;-1;-1;-0,7;-0,6
3;15;1990;-0,1;-0,1;-0,1;-0,1;-0,8;-0,5;-0,5
4;2;1990;-1;-1;-1;-1;-0,9;-0,6;-0,6
4;13;1990;-0,6;-0,7;-0,9;-1;-0,7;-0,7;-0,7
5;19;1990;3,2;3;0,2;-0,2;-0,6;-0,9;-0,9
5;30;1990;4,3;0,8;0,2;-0,2;-0,6;-0,8;-0,8
6;11;1990;6,7;5;3,8;3,6;2,5;-0,5;-0,6
6;19;1990;8;7,6;7;6,7;3,3;0,7;0,6
6;30;1990;10;8,5;8;6,8;5,4;2,1;1,9
7;11;1990;13,7;10,5;9,5;7;5;1,3;1,2
7;20;1990;15,1;14,9;12,5;12;5;1,2;1,1
7;31;1990;14;14;14;13,3;5;1,7;1,4
8;10;1990;14,6;14;12;7,5;4;2,3;2
8;20;1990;13,6;13,3;11,3;9,5;6,3;2,7;2,7
8;30;1990;13,1;13,1;13,1;12,5;6;3;2,4
9;9;1990;11,4;11,9;11,9;11,5;4,2;1,9;1,7
9;20;1990;10,4;10,9;10,9;10,5;5;2;1,7
10;1;1990;7,9;7,9;7,9;7,9;8,5;1,4;1
10;10;1990;6,4;6,5;6,9;6,9;6,4;2,3;2,2
10;20;1990;5,9;5,9;6;6,3;6;2,6;2,4
10;29;1990;4,2;4,2;4,2;4,3;2;0,4;0,3
11;14;1990;1,5;1,5;1,5;1,5;1,5;2,2;1,8
1;15;1991;-1,4;-1,3;-1,2;-1,1;-0,7;0;0,2
2;15;1991;-1,4;-1,3;-1,2;-1;-0,7;-0,4;-0,3
2;28;1991;-1,4;-1,4;-1,3;-1,1;-0,8;-0,5;-0,4
3;14;1991;-1,5;-1,5;-1,4;-1,3;-1;-0,6;-0,5
4;10;1991;-0,8;-1,2;-1,1;-1;-0,7;-0,6;-0,6
5;18;1991;0,8;0,2;0;-0,4;-0,6;-0,7;-0,8
5;30;1991;5,1;4,7;1,1;0,7;-0,2;-0,6;-0,7
6;10;1991;8;7,8;5,5;2,5;0;-0,6;-0,7
6;20;1991;9,8;8;7;4,9;1,7;-0,3;-0,4
7;1;1991;10,8;10,5;9,6;6;1;-0,5;-0,6
7;9;1991;13,5;13,5;10,5;6,5;0,9;-0,4;-0,5
7;20;1991;14,4;13,5;10;7,9;3,3;0;-0,2
7;31;1991;14,8;14,6;13,8;12,5;3,5;0;-0,1
8;11;1991;14,2;14;12,5;7;5;0;-0,1
8;21;1991;14,2;14,2;14,2;14,2;10,7;0,8;0,8
8;31;1991;13,1;13,5;13,7;9,5;3,3;0,6;0,5
9;10;1991;8,9;8,9;8;6;1,9;0,1;0
9;19;1991;4,3;4,1;4,1;3,8;2;0,1;0
9;30;1991;3,2;3;3;3;2,3;0,7;0,5
10;9;1991;3,6;3,5;3,5;3,6;3,5;1,7;1,7
10;20;1991;4,2;4,2;4,3;4,2;4;2;1,9
10;30;1991;2,8;2,8;2,8;2,8;3,1;1,9;1,9
11;16;1991;2,6;2,6;3;3,4;3,4;2,2;2,2
12;22;1991;0,8;1;1,3;1,5;2;1,6;1,6
2;21;1992;-1;-1,1;-1;-0,9;-0,5;0;0
4;1;1992;7;5,5;5;4,5;2;-0,5;-1,1
6;10;1992;7,2;5,8;5,2;4,7;2;-0,5;-1
6;20;1992;9,2;8,1;6;3;2;-0,5;-1
7;1;1992;9,6;9,6;9,4;7,3;5;-0,5;-0,7
7;9;1992;9,6;9;7,7;6;3;-0,6;-1
7;19;1992;12,4;11;9;7;3;-0,3;-0,5
7;30;1992;12,6;11,4;10,2;8;2,6;-0,1;-0,2
8;11;1992;12,2;12,2;11,6;10,5;4;0,5;0,2
8;22;1992;9;9;9;6,5;3,3;0,7;0,6
8;31;1992;8,5;8,7;8,3;7;4,3;1,8;1,7
9;10;1992;8,4;8,7;8,7;8,7;8,3;3,7;3,4
9;21;1992;9,6;9,6;8,6;8,3;8,3;4,7;4,4
10;1;1992;8,4;8,5;8,7;8,8;7,8;4;3,9
10;11;1992;6,2;6,3;6,6;6,1;3,7;1,8;1,5
10;22;1992;2,6;2,9;5;6,6;6,2;3,1;2,9
10;31;1992;1,5;1,5;1,5;1,5;1,7;2,3;1,9
11;10;1992;1;;;;;;2,3
4;19;1993;-1,3;-1,3;-1,2;-1,2;-1,2;-1,1;-1,1
4;19;1993;-1,3;-1,3;-1,2;-1,2;-1,2;-1,1;-1,1
5;12;1993;1,9;1;0,6;0;-0,8;-1,1;-1,1
5;20;1993;5,7;5,5;2,5;-0,1;-1;-1,1;-1,1
5;31;1993;7;6;3,7;1;-0,7;-0,9;-0,9
6;10;1993;8,3;8,2;6;4,7;1,4;-1;-1
6;21;1993;11,7;7,5;2,7;1,3;0,3;-0,8;-0,8
7;3;1993;12,5;10,9;10,5;8;2;0,3;0
7;11;1993;12,4;11,3;10,8;7,5;1,4;0,1;0
7;21;1993;16,8;14;13;11,3;6,7;1;0,6
7;31;1993;16,5;15,3;13,6;12,7;9,5;1,6;1,5
8;11;1993;15;15,2;14,3;9,5;3;0,8;0,6
8;21;1993;13,9;13,9;13,9;13;4,5;1,4;1,4
8;31;1993;12;12,1;12,3;12,3;2,4;0,8;0,7
9;11;1993;10,4;10,4;10,4;10,4;3,4;1;0,7
9;20;1993;7,9;7,9;8;8,1;1,7;1,1;1
9;30;1993;5,2;5,2;3,5;2,2;1;0,1;0
10;10;1993;3,9;3,9;3,9;3,7;2,3;0,8;0,8
10;20;1993;2;1,9;1,9;1,6;1,5;0,4;0,2
11;2;1993;0,1;;0,5;0,7;0,3;-0,4;-0,5
11;16;1993;-1,4;;-0,8;-0,6;-0,4;-0,5;-0,5
3;3;1994;-1,2;-1,1;-1,1;-1,1;-0,9;-0,9;-0,9
3;18;1994;-1,2;;;;;-1,8;
4;11;1994;-0,2;;;;;;-0,2
6;11;1994;7;7;6,5;5;0,8;-0,5;-0,5
6;20;1994;10;9,5;8;6;1,3;-0,4;-0,5
6;30;1994;15;11,7;8;5,2;0,2;-0,4;-0,5
7;11;1994;14,8;12,5;4,5;1,2;0;-0,5;-0,5
7;20;1994;12,6;12,5;12;10,3;4,5;-0,2;-0,2
7;30;1994;15,3;15,1;14;12,2;6;0,1;-0,2
8;11;1994;15,2;15,2;14,6;13,7;8;1;0,6
8;20;1994;14;14;14;13,9;12;1;0,6
9;1;1994;12,5;12,6;12,6;12,1;6;1,2;1,1
9;10;1994;9,8;9,8;8,6;3,5;1,8;0,8;0,8
9;21;1994;8,2;8,6;9;9;7,4;2,9;2,8
9;29;1994;8;8;8;8;6;-0,3;-0,4
10;10;1994;5,5;5,5;5,5;5,1;1,7;0,5;0,4
10;21;1994;3,1;;;;;;0,7
11;3;1994;1,1;2;2,1;2,1;2,1;1,3;0,9
11;12;1994;1;1;1;1;1,5;2,5;2,5
6;1;1995;7,6;6,4;5,9;3;1,3;0;-0,6
6;10;1995;8,9;8;6,3;3,7;2;0;-0,2
6;20;1995;12,9;11,8;9;5,9;3,2;0;-0,2
7;1;1995;11,9;11,7;10,6;5,5;0;-1;-1
7;10;1995;12,8;12,8;12;5,5;2;-0,3;-0,4
7;20;1995;12,2;12;3,5;1,2;0,5;-0,1;-0,1
7;30;1995;11,8;7,8;7;4,3;1,5;0,2;0,2
8;30;1995;8,7;8,1;4,3;3,6;2;1;0,7
9;11;1995;8,6;8,8;8,7;7,5;4,6;3,2;3
9;23;1995;8,1;8,1;7,7;7,4;4,4;1,8;1,8
10;1;1995;7,6;7,6;7,6;7,2;5,8;3,4;3,3
10;10;1995;7,2;7,2;7,4;7,4;6,2;4,2;3,7
10;19;1995;6,1;6,1;6,2;6;6;2,6;2,4
10;30;1995;4,3;4,5;4,3;4,3;4,3;1,8;1,8
11;15;1995;0,4;1,3;1,7;2;2,1;1,7;2,1
12;6;1995;-1;0,2;0,6;;;;
1;10;1996;;;;;;;
2;22;1996;-1,1;-1;-0,6;;;;
3;26;1996;-1,2;-1,1;-1;;;;
4;26;1996;-0,9;-1,1;-1,1;;;;
6;2;1996;7,4;2,75;-0,4;-1,1;;;
6;9;1996;8,1;2,2;1;-0,75;;;
6;20;1996;6,8;5,9;0,04;-0,9;;;
7;2;1996;9,9;7,93;2,57;-0,7;;;
7;10;1996;7,4;6,4;1,4;-0,22;;;
7;21;1996;12,4;10;8,8;6;3;0,8;0,5
7;31;1996;13,7;13,5;9,5;4,7;3;0,5;0,5
8;10;1996;15,8;11;7,5;5,6;3,2;1;1
8;21;1996;14,7;14;10;5,7;3,5;2;1,4
8;31;1996;12,7;10;5;4;2,5;1,4;1,3
9;10;1996;9,4;9,7;9,5;7;2,4;1,7;1,2
9;20;1996;7,9;8;8;8,2;8,1;3,7;3
9;30;1996;6,7;6,8;7,2;5,5;2,5;1,3;1
10;10;1996;5,6;5,6;5,6;5,3;4,1;2,2;2,1
10;20;1996;3,3;3,2;3;3;2,7;0;0
6;1;1997;6,2;3,2;-0,5;-0,7;-0,7;;
6;11;1997;12;5,2;2,5;0,7;-0,3;-0,2;
6;21;1997;11;9,5;8,4;1,2;0;-0,1;
6;30;1997;14,7;8,6;6,4;2,3;-0,6;-0,6;
7;10;1997;13,8;12;5,6;1,5;-0,3;-0,3;
7;21;1997;17,8;15,2;12,9;6,3;2,2;-0,2;-0,2
7;31;1997;15,1;15;12;8,5;4,4;0,3;0,2
8;11;1997;14,7;14,4;13,8;7,6;1,6;0,1;0
8;20;1997;13,4;13;11,2;3,2;1;0,1;0
8;30;1997;11,9;10;8,4;5,3;2,4;0,7;0,7
9;11;1997;9,6;9,2;8,4;7,5;4,5;0,8;0,8
9;21;1997;8,35;8,3;8,4;8,4;5,5;1,9;1,2
9;30;1997;7,7;7,7;7,6;6,6;3,3;1,1;1
10;9;1997;5,6;5,7;6,2;6,4;5,5;2,4;2,2
10;20;1997;4,5;4,5;4,7;4,8;3,6;2,2;2
10;30;1997;2,8;2,8;2,8;3;3,1;1,1;0,8
11;15;1997;-0,9;0,9;1,1;1,4;1,2;0,6;
